INSERT INTO boarding_houses (id, name, address) VALUES
(1,'Kos Melati','Jakarta'),(2,'Kos Mawar','Bandung'),(3,'Kos Anggrek','Surabaya'),(4,'Kos Dahlia','Yogyakarta'),(5,'Kos Kenanga','Malang'),
(6,'Kos Flamboyan','Semarang'),(7,'Kos Bougenville','Depok'),(8,'Kos Teratai','Bekasi'),(9,'Kos Cempaka','Bogor'),(10,'Kos Sakura','Tangerang'),
(11,'Kos Lavender','Solo'),(12,'Kos Tulip','Medan'),(13,'Kos Edelweiss','Padang'),(14,'Kos Camelia','Palembang'),(15,'Kos Orchid','Bali'),
(16,'Kos Jasmine','Makassar'),(17,'Kos Magnolia','Pontianak'),(18,'Kos Lotus','Balikpapan'),(19,'Kos Gardenia','Banjarmasin'),(20,'Kos Poppy','Manado');

INSERT INTO room_types (id, name) VALUES
(1,'Standard'),(2,'Deluxe'),(3,'VIP'),(4,'Economy'),(5,'Premium'),(6,'Suite'),
(7,'Single'),(8,'Double'),(9,'Family'),(10,'Studio'),(11,'Loft'),(12,'Executive'),
(13,'Business'),(14,'Compact'),(15,'Budget'),(16,'Luxury'),(17,'Corner'),(18,'Garden'),
(19,'Pool'),(20,'Penthouse');

INSERT INTO rooms (id, name, price, status, boarding_house_id, room_type_id) VALUES
(1,'A1',500000,'AVAILABLE',1,1),(2,'A2',750000,'OCCUPIED',2,2),(3,'A3',600000,'AVAILABLE',3,3),(4,'A4',800000,'MAINTENANCE',4,4),
(5,'A5',900000,'AVAILABLE',5,5),(6,'A6',1000000,'OCCUPIED',6,6),(7,'A7',550000,'AVAILABLE',7,7),(8,'A8',650000,'AVAILABLE',8,8),
(9,'A9',700000,'OCCUPIED',9,9),(10,'A10',850000,'AVAILABLE',10,10),(11,'B1',900000,'AVAILABLE',11,11),(12,'B2',1000000,'OCCUPIED',12,12),
(13,'B3',550000,'AVAILABLE',13,13),(14,'B4',650000,'MAINTENANCE',14,14),(15,'B5',750000,'AVAILABLE',15,15),(16,'B6',850000,'OCCUPIED',16,16),
(17,'B7',950000,'AVAILABLE',17,17),(18,'B8',1050000,'AVAILABLE',18,18),(19,'B9',500000,'OCCUPIED',19,19),(20,'B10',1200000,'AVAILABLE',20,20);

INSERT INTO facilities (id, name) VALUES
(1,'WiFi'),(2,'AC'),(3,'TV'),(4,'Kulkas'),(5,'Meja'),(6,'Kursi'),(7,'Lemari'),(8,'Kasur'),(9,'Dapur'),
(10,'Air Panas'),(11,'Parkir'),(12,'Laundry'),(13,'Security'),(14,'CCTV'),(15,'Lift'),(16,'Balkon'),
(17,'Garden'),(18,'Kolam'),(19,'Gym'),(20,'Cleaning');

INSERT INTO room_facilities (room_id, facility_id) VALUES
(1,1),(1,2),(2,1),(2,2),(3,1),(3,2),(4,1),(4,2),(5,1),(5,2),
(6,1),(6,3),(7,1),(7,2),(8,2),(8,3),(9,1),(9,2),(10,1),(10,3),
(11,1),(11,2),(12,2),(12,3),(13,1),(13,2),(14,1),(14,3),(15,2),(15,3),
(16,1),(16,2),(17,1),(17,3),(18,2),(18,3),(19,1),(19,2),(20,1),(20,3);

INSERT INTO tenants (id, name, phone) VALUES
(1,'Budi Santoso','08123456789'),(2,'Siti Rahayu','08987654321'),(3,'Andi Pratama','08111111111'),
(4,'Dewi Lestari','08222222222'),(5,'Rizky Hidayat','08333333333'),(6,'Nina Marlina','08444444444'),
(7,'Agus Salim','08555555555'),(8,'Putri Ayu','08666666666'),(9,'Fajar Nugroho','08777777777'),
(10,'Lina Kusuma','08888888888'),(11,'Eko Prasetyo','08100000001'),(12,'Dina Saputri','08100000002'),
(13,'Yoga Pratama','08100000003'),(14,'Sari Wulandari','08100000004'),(15,'Rudi Hartono','08100000005'),
(16,'Maya Sari','08100000006'),(17,'Tono Wijaya','08100000007'),(18,'Vina Lestari','08100000008'),
(19,'Arif Rahman','08100000009'),(20,'Citra Dewi','08100000010');

INSERT INTO rentals (id, tenant_id, room_id, start_date, end_date) VALUES
(1,1,2,'2026-01-01 00:00:00.000','2026-12-31 00:00:00.000'),(2,2,6,'2026-01-01 00:00:00.000','2026-12-31 00:00:00.000'),(3,3,9,'2026-01-01 00:00:00.000','2026-12-31 00:00:00.000'),
(4,4,12,'2026-01-01 00:00:00.000','2026-12-31 00:00:00.000'),(5,5,16,'2026-01-01 00:00:00.000','2026-12-31 00:00:00.000'),(6,6,19,'2026-01-01 00:00:00.000','2026-12-31 00:00:00.000'),
(7,7,2,'2026-02-01 00:00:00.000','2026-12-31 00:00:00.000'),(8,8,6,'2026-02-01 00:00:00.000','2026-12-31 00:00:00.000'),(9,9,9,'2026-02-01 00:00:00.000','2026-12-31 00:00:00.000'),
(10,10,12,'2026-02-01 00:00:00.000','2026-12-31 00:00:00.000'),(11,11,16,'2026-02-01 00:00:00.000','2026-12-31 00:00:00.000'),(12,12,19,'2026-02-01 00:00:00.000','2026-12-31 00:00:00.000'),
(13,13,2,'2026-03-01 00:00:00.000','2026-12-31 00:00:00.000'),(14,14,6,'2026-03-01 00:00:00.000','2026-12-31 00:00:00.000'),(15,15,9,'2026-03-01 00:00:00.000','2026-12-31 00:00:00.000'),
(16,16,12,'2026-03-01 00:00:00.000','2026-12-31 00:00:00.000'),(17,17,16,'2026-03-01 00:00:00.000','2026-12-31 00:00:00.000'),(18,18,19,'2026-03-01 00:00:00.000','2026-12-31 00:00:00.000'),
(19,19,2,'2026-04-01 00:00:00.000','2026-12-31 00:00:00.000'),(20,20,6,'2026-04-01 00:00:00.000','2026-12-31 00:00:00.000');

INSERT INTO invoices (id, rental_id, total) VALUES
(1,1,1000000),(2,2,1000000),(3,3,1000000),(4,4,1000000),(5,5,1000000),
(6,6,1000000),(7,7,1000000),(8,8,1000000),(9,9,1000000),(10,10,1000000),
(11,11,1000000),(12,12,1000000),(13,13,1000000),(14,14,1000000),(15,15,1000000),
(16,16,1000000),(17,17,1000000),(18,18,1000000),(19,19,1000000),(20,20,1000000);

INSERT INTO payments (id, rental_id, amount, date) VALUES
(1,1,500000,'2026-01-01 00:00:00.000'),(2,2,500000,'2026-01-01 00:00:00.000'),(3,3,500000,'2026-01-01 00:00:00.000'),
(4,4,500000,'2026-01-01 00:00:00.000'),(5,5,500000,'2026-01-01 00:00:00.000'),(6,6,500000,'2026-01-01 00:00:00.000'),
(7,7,500000,'2026-02-01 00:00:00.000'),(8,8,500000,'2026-02-01 00:00:00.000'),(9,9,500000,'2026-02-01 00:00:00.000'),
(10,10,500000,'2026-02-01 00:00:00.000'),(11,11,500000,'2026-02-01 00:00:00.000'),(12,12,500000,'2026-02-01 00:00:00.000'),
(13,13,500000,'2026-03-01 00:00:00.000'),(14,14,500000,'2026-03-01 00:00:00.000'),(15,15,500000,'2026-03-01 00:00:00.000'),
(16,16,500000,'2026-03-01 00:00:00.000'),(17,17,500000,'2026-03-01 00:00:00.000'),(18,18,500000,'2026-03-01 00:00:00.000'),
(19,19,500000,'2026-04-01 00:00:00.000'),(20,20,500000,'2026-04-01 00:00:00.000');

INSERT INTO complaints (id, tenant_id, description, created_at) VALUES
(1,1,'WiFi lambat','2026-01-01 00:00:00.000'),(2,2,'AC rusak','2026-01-01 00:00:00.000'),(3,3,'Air mati','2026-01-01 00:00:00.000'),
(4,4,'Lampu mati','2026-01-01 00:00:00.000'),(5,5,'Kebersihan kurang','2026-01-01 00:00:00.000'),(6,6,'Bising','2026-01-01 00:00:00.000'),
(7,7,'Air panas tidak jalan','2026-01-01 00:00:00.000'),(8,8,'Parkiran penuh','2026-01-01 00:00:00.000'),(9,9,'Kulkas rusak','2026-01-01 00:00:00.000'),
(10,10,'Kasur keras','2026-01-01 00:00:00.000'),(11,11,'TV tidak nyala','2026-01-01 00:00:00.000'),(12,12,'WiFi putus','2026-01-01 00:00:00.000'),
(13,13,'Bocor','2026-01-01 00:00:00.000'),(14,14,'AC bocor','2026-01-01 00:00:00.000'),(15,15,'Lampu redup','2026-01-01 00:00:00.000'),
(16,16,'Air kecil','2026-01-01 00:00:00.000'),(17,17,'Kunci rusak','2026-01-01 00:00:00.000'),(18,18,'Toilet kotor','2026-01-01 00:00:00.000'),
(19,19,'Listrik mati','2026-01-01 00:00:00.000'),(20,20,'Pintu macet','2026-01-01 00:00:00.000');

INSERT INTO maintenance_requests (id, room_id, description, status, created_at) VALUES
(1,1,'Lampu','PENDING','2026-01-01 00:00:00.000'),(2,2,'AC','DONE','2026-01-01 00:00:00.000'),
(3,3,'Air','PENDING','2026-01-01 00:00:00.000'),(4,4,'Cat','DONE','2026-01-01 00:00:00.000'),
(5,5,'Kasur','PENDING','2026-01-01 00:00:00.000'),(6,6,'TV','DONE','2026-01-01 00:00:00.000'),
(7,7,'Pintu','PENDING','2026-01-01 00:00:00.000'),(8,8,'Kulkas','DONE','2026-01-01 00:00:00.000'),
(9,9,'Kabel','PENDING','2026-01-01 00:00:00.000'),(10,10,'Shower','DONE','2026-01-01 00:00:00.000'),
(11,11,'Lampu','PENDING','2026-01-01 00:00:00.000'),(12,12,'AC','DONE','2026-01-01 00:00:00.000'),
(13,13,'Air','PENDING','2026-01-01 00:00:00.000'),(14,14,'Cat','DONE','2026-01-01 00:00:00.000'),
(15,15,'Kasur','PENDING','2026-01-01 00:00:00.000'),(16,16,'TV','DONE','2026-01-01 00:00:00.000'),
(17,17,'Pintu','PENDING','2026-01-01 00:00:00.000'),(18,18,'Kulkas','DONE','2026-01-01 00:00:00.000'),
(19,19,'Kabel','PENDING','2026-01-01 00:00:00.000'),(20,20,'Shower','DONE','2026-01-01 00:00:00.000');

INSERT INTO roles (id, name) VALUES
(1,'ADMIN'),(2,'STAFF');

INSERT INTO activity_logs (id, action, created_at) VALUES
(1,'LOGIN','2026-01-01 00:00:00.000'),(2,'CREATE','2026-01-01 00:00:00.000'),(3,'UPDATE','2026-01-01 00:00:00.000'),(4,'DELETE','2026-01-01 00:00:00.000'),
(5,'PAYMENT','2026-01-01 00:00:00.000'),(6,'RENTAL','2026-01-01 00:00:00.000'),(7,'LOGOUT','2026-01-01 00:00:00.000'),(8,'LOGIN','2026-01-01 00:00:00.000'),
(9,'CREATE','2026-01-01 00:00:00.000'),(10,'UPDATE','2026-01-01 00:00:00.000'),(11,'DELETE','2026-01-01 00:00:00.000'),(12,'VIEW','2026-01-01 00:00:00.000'),
(13,'PRINT','2026-01-01 00:00:00.000'),(14,'EXPORT','2026-01-01 00:00:00.000'),(15,'IMPORT','2026-01-01 00:00:00.000'),(16,'LOGIN','2026-01-01 00:00:00.000'),
(17,'LOGOUT','2026-01-01 00:00:00.000'),(18,'PAYMENT','2026-01-01 00:00:00.000'),(19,'RENTAL','2026-01-01 00:00:00.000'),(20,'LOGIN','2026-01-01 00:00:00.000');

INSERT INTO notifications (id, message, created_at) VALUES
(1,'Notif 1','2026-01-01 00:00:00.000'),(2,'Notif 2','2026-01-01 00:00:00.000'),(3,'Notif 3','2026-01-01 00:00:00.000'),
(4,'Notif 4','2026-01-01 00:00:00.000'),(5,'Notif 5','2026-01-01 00:00:00.000'),(6,'Notif 6','2026-01-01 00:00:00.000'),
(7,'Notif 7','2026-01-01 00:00:00.000'),(8,'Notif 8','2026-01-01 00:00:00.000'),(9,'Notif 9','2026-01-01 00:00:00.000'),
(10,'Notif 10','2026-01-01 00:00:00.000'),(11,'Notif 11','2026-01-01 00:00:00.000'),(12,'Notif 12','2026-01-01 00:00:00.000'),
(13,'Notif 13','2026-01-01 00:00:00.000'),(14,'Notif 14','2026-01-01 00:00:00.000'),(15,'Notif 15','2026-01-01 00:00:00.000'),
(16,'Notif 16','2026-01-01 00:00:00.000'),(17,'Notif 17','2026-01-01 00:00:00.000'),(18,'Notif 18','2026-01-01 00:00:00.000'),
(19,'Notif 19','2026-01-01 00:00:00.000'),(20,'Notif 20','2026-01-01 00:00:00.000');

INSERT INTO expenses (id, description, amount, date, boarding_house_id) VALUES
(1,'Listrik',100000,'2026-01-01 00:00:00.000',1),(2,'Air',100000,'2026-01-01 00:00:00.000',2),
(3,'Internet',100000,'2026-01-01 00:00:00.000',3),(4,'Gaji',100000,'2026-01-01 00:00:00.000',4),
(5,'Maintenance',100000,'2026-01-01 00:00:00.000',5),(6,'Listrik',100000,'2026-01-01 00:00:00.000',6),
(7,'Air',100000,'2026-01-01 00:00:00.000',7),(8,'Internet',100000,'2026-01-01 00:00:00.000',8),
(9,'Gaji',100000,'2026-01-01 00:00:00.000',9),(10,'Maintenance',100000,'2026-01-01 00:00:00.000',10),
(11,'Listrik',100000,'2026-01-01 00:00:00.000',11),(12,'Air',100000,'2026-01-01 00:00:00.000',12),
(13,'Internet',100000,'2026-01-01 00:00:00.000',13),(14,'Gaji',100000,'2026-01-01 00:00:00.000',14),
(15,'Maintenance',100000,'2026-01-01 00:00:00.000',15),(16,'Listrik',100000,'2026-01-01 00:00:00.000',16),
(17,'Air',100000,'2026-01-01 00:00:00.000',17),(18,'Internet',100000,'2026-01-01 00:00:00.000',18),
(19,'Gaji',100000,'2026-01-01 00:00:00.000',19),(20,'Maintenance',100000,'2026-01-01 00:00:00.000',20);

INSERT INTO inventory_items (id, name, item_condition, room_id) VALUES
(1,'Kasur','GOOD',1),(2,'Meja','GOOD',2),(3,'Kursi','GOOD',3),
(4,'AC','GOOD',4),(5,'TV','GOOD',5),(6,'Lemari','GOOD',6),
(7,'Kasur','GOOD',7),(8,'Meja','GOOD',8),(9,'Kursi','GOOD',9),
(10,'AC','GOOD',10),(11,'TV','GOOD',11),(12,'Lemari','GOOD',12),
(13,'Kasur','GOOD',13),(14,'Meja','GOOD',14),(15,'Kursi','GOOD',15),
(16,'AC','GOOD',16),(17,'TV','GOOD',17),(18,'Lemari','GOOD',18),
(19,'Kasur','GOOD',19),(20,'Meja','GOOD',20);

INSERT INTO reviews (id, tenant_id, boarding_house_id, rating, comment) VALUES
(1,1,1,5,'Sangat nyaman'),(2,2,2,4,'Bagus'),
(3,3,3,5,'Mantap'),(4,4,4,4,'Lumayan'),
(5,5,5,5,'Top'),(6,6,6,4,'Oke'),
(7,7,7,5,'Mantap'),(8,8,8,4,'Bagus'),
(9,9,9,5,'Keren'),(10,10,10,4,'Cukup'),
(11,11,11,5,'Mantap'),(12,12,12,4,'Bagus'),
(13,13,13,5,'Top'),(14,14,14,4,'Lumayan'),
(15,15,15,5,'Mantap'),(16,16,16,4,'Oke'),
(17,17,17,5,'Bagus'),(18,18,18,4,'Cukup'),
(19,19,19,5,'Mantap'),(20,20,20,4,'Lumayan');

INSERT INTO vouchers (id, code, discount, valid_until) VALUES
(1,'DISC1',10000,'2026-12-31 00:00:00.000'),(2,'DISC2',20000,'2026-12-31 00:00:00.000'),
(3,'DISC3',30000,'2026-12-31 00:00:00.000'),(4,'DISC4',40000,'2026-12-31 00:00:00.000'),
(5,'DISC5',50000,'2026-12-31 00:00:00.000'),(6,'DISC6',10000,'2026-12-31 00:00:00.000'),
(7,'DISC7',20000,'2026-12-31 00:00:00.000'),(8,'DISC8',30000,'2026-12-31 00:00:00.000'),
(9,'DISC9',40000,'2026-12-31 00:00:00.000'),(10,'DISC10',50000,'2026-12-31 00:00:00.000'),
(11,'DISC11',10000,'2026-12-31 00:00:00.000'),(12,'DISC12',20000,'2026-12-31 00:00:00.000'),
(13,'DISC13',30000,'2026-12-31 00:00:00.000'),(14,'DISC14',40000,'2026-12-31 00:00:00.000'),
(15,'DISC15',50000,'2026-12-31 00:00:00.000'),(16,'DISC16',10000,'2026-12-31 00:00:00.000'),
(17,'DISC17',20000,'2026-12-31 00:00:00.000'),(18,'DISC18',30000,'2026-12-31 00:00:00.000'),
(19,'DISC19',40000,'2026-12-31 00:00:00.000'),(20,'DISC20',50000,'2026-12-31 00:00:00.000');
